{
  "hash": "b8df6325",
  "configHash": "3b206d3b",
  "lockfileHash": "4a43b6b4",
  "browserHash": "5885bf96",
  "optimized": {
    "@angular/common": {
      "src": "../../../../../../node_modules/@angular/common/fesm2022/common.mjs",
      "file": "@angular_common.js",
      "fileHash": "ec1e516d",
      "needsInterop": false
    },
    "@angular/common/http": {
      "src": "../../../../../../node_modules/@angular/common/fesm2022/http.mjs",
      "file": "@angular_common_http.js",
      "fileHash": "c3ac71cd",
      "needsInterop": false
    },
    "@angular/core": {
      "src": "../../../../../../node_modules/@angular/core/fesm2022/core.mjs",
      "file": "@angular_core.js",
      "fileHash": "b0600bf4",
      "needsInterop": false
    },
    "@angular/forms": {
      "src": "../../../../../../node_modules/@angular/forms/fesm2022/forms.mjs",
      "file": "@angular_forms.js",
      "fileHash": "294b7ef8",
      "needsInterop": false
    },
    "@angular/platform-browser": {
      "src": "../../../../../../node_modules/@angular/platform-browser/fesm2022/platform-browser.mjs",
      "file": "@angular_platform-browser.js",
      "fileHash": "50db6b2f",
      "needsInterop": false
    },
    "@angular/router": {
      "src": "../../../../../../node_modules/@angular/router/fesm2022/router.mjs",
      "file": "@angular_router.js",
      "fileHash": "f945f97c",
      "needsInterop": false
    }
  },
  "chunks": {
    "chunk-77T4RW2Q": {
      "file": "chunk-77T4RW2Q.js"
    },
    "chunk-HVF36QVL": {
      "file": "chunk-HVF36QVL.js"
    },
    "chunk-55WSUAAI": {
      "file": "chunk-55WSUAAI.js"
    },
    "chunk-SOL5XZJW": {
      "file": "chunk-SOL5XZJW.js"
    },
    "chunk-LKBYGJ3F": {
      "file": "chunk-LKBYGJ3F.js"
    }
  }
}