{
  "hash": "00923e38",
  "configHash": "4d936cf6",
  "lockfileHash": "d1fcc19b",
  "browserHash": "3c61ddee",
  "optimized": {
    "@angular/common": {
      "src": "../../../../../../node_modules/@angular/common/fesm2022/common.mjs",
      "file": "@angular_common.js",
      "fileHash": "695824e3",
      "needsInterop": false
    },
    "@angular/common/http": {
      "src": "../../../../../../node_modules/@angular/common/fesm2022/http.mjs",
      "file": "@angular_common_http.js",
      "fileHash": "1c964643",
      "needsInterop": false
    },
    "@angular/core": {
      "src": "../../../../../../node_modules/@angular/core/fesm2022/core.mjs",
      "file": "@angular_core.js",
      "fileHash": "9a235e3d",
      "needsInterop": false
    },
    "@angular/forms": {
      "src": "../../../../../../node_modules/@angular/forms/fesm2022/forms.mjs",
      "file": "@angular_forms.js",
      "fileHash": "dcae37cf",
      "needsInterop": false
    },
    "@angular/platform-browser": {
      "src": "../../../../../../node_modules/@angular/platform-browser/fesm2022/platform-browser.mjs",
      "file": "@angular_platform-browser.js",
      "fileHash": "e13019eb",
      "needsInterop": false
    },
    "@angular/router": {
      "src": "../../../../../../node_modules/@angular/router/fesm2022/router.mjs",
      "file": "@angular_router.js",
      "fileHash": "81c13a49",
      "needsInterop": false
    }
  },
  "chunks": {
    "chunk-TVZPTR4S": {
      "file": "chunk-TVZPTR4S.js"
    },
    "chunk-QORXPEGD": {
      "file": "chunk-QORXPEGD.js"
    },
    "chunk-LJGW4UUE": {
      "file": "chunk-LJGW4UUE.js"
    },
    "chunk-VKUFYADX": {
      "file": "chunk-VKUFYADX.js"
    }
  }
}