<!DOCTYPE hibernate-mapping PUBLIC "-//Hibernate/Hibernate Mapping DTD 3.0//EN"
  "http://hibernate.sourceforge.net/hibernate-mapping-3.0.dtd">
<hibernate-mapping package="com.mycompany.app.model">

    <class name="Account" table="accounts">
        <id name="accountId" column="account_id">
            <generator class="native"/>
        </id>

        <property name="type" column="type"/>
        <property name="balance" column="balance"/>

        <many-to-one name="bank" class="com.mycompany.app.model.Bank" column="bank_id" not-null="true"/>
    </class>
</hibernate-mapping>
