<!DOCTYPE hibernate-mapping PUBLIC "-//Hibernate/Hibernate Mapping DTD 3.0//EN"
  "http://hibernate.sourceforge.net/hibernate-mapping-3.0.dtd">
<hibernate-mapping package="com.mycompany.app.model">

    <class name="Bank" table="banks">
        <id name="bankId" column="bank_id">
            <generator class="native"/>
        </id>

        <property name="name" column="name"/>

        <set name="accounts" cascade="all" inverse="true">
            <key column="bank_id"/>
            <one-to-many class="com.mycompany.app.model.Account"/>
        </set>
    </class>
</hibernate-mapping>
